Category,Location,Category Encoded,Lat,Long,Open hours,Price Level,Lat_rad,Long_rad,Min Dist to next,cluster,place_id
Must-See Sights,The Colosseum,0,41.8902102,12.4922309,"['Monday: 9:00\u202fAM\u2009–\u20094:30\u202fPM', 'Tuesday: 9:00\u202fAM\u2009–\u20094:30\u202fPM', 'Wednesday: 8:30\u202fAM\u2009–\u20094:30\u202fPM', 'Thursday: 8:30\u202fAM\u2009–\u20094:30\u202fPM', 'Friday: 8:30\u202fAM\u2009–\u20094:30\u202fPM', 'Saturday: 8:30\u202fAM\u2009–\u20094:30\u202fPM', 'Sunday: 9:00\u202fAM\u2009–\u20094:30\u202fPM']",0.0,0.7311220923425124,0.2180305601243745,272.25006587347303,3,ChIJrRMgU7ZhLxMRxAOFkC7I8Sg
Must-See Sights,The Roman Forum,0,41.8924623,12.485325,"['Monday: 9:00\u202fAM\u2009–\u20094:30\u202fPM', 'Tuesday: 9:00\u202fAM\u2009–\u20094:30\u202fPM', 'Wednesday: 9:00\u202fAM\u2009–\u20094:30\u202fPM', 'Thursday: 9:00\u202fAM\u2009–\u20094:30\u202fPM', 'Friday: 9:00\u202fAM\u2009–\u20094:30\u202fPM', 'Saturday: 9:00\u202fAM\u2009–\u20094:30\u202fPM', 'Sunday: 9:00\u202fAM\u2009–\u20094:30\u202fPM']",0.0,0.7311613989025965,0.21791002943156101,235.20687586132487,5,ChIJ782pg7NhLxMR5n3swAdAkfo
Must-See Sights,The Pantheon,0,41.8986108,12.4768729,"['Monday: 9:00\u202fAM\u2009–\u20096:30\u202fPM', 'Tuesday: 9:00\u202fAM\u2009–\u20096:30\u202fPM', 'Wednesday: 9:00\u202fAM\u2009–\u20096:30\u202fPM', 'Thursday: 9:00\u202fAM\u2009–\u20096:30\u202fPM', 'Friday: 9:00\u202fAM\u2009–\u20096:30\u202fPM', 'Saturday: 9:00\u202fAM\u2009–\u20096:30\u202fPM', 'Sunday: 9:00\u202fAM\u2009–\u20096:30\u202fPM']",0.0,0.7312687104716554,0.21776251245785322,117.63589552158194,2,ChIJqUCGZ09gLxMRLM42IPpl0co
Must-See Sights,Vatican City,0,41.9021788,12.4536007,[],0.0,0.7313309838193666,0.2173563359436706,27.84017679652924,4,ChIJJTk-DGZgLxMRPGxQNTiMSQA
Must-See Sights,St. Peter's Basilica,0,41.90216669999999,12.4539367,[],0.0,0.7313307726345268,0.21736220024995728,27.84017679652924,4,ChIJWZsUt2FgLxMRg1KHzXfwS3I
Must-See Sights,The Sistine Chapel,0,41.9029468,12.4544835,"['Monday: 9:00\u202fAM\u2009–\u20094:00\u202fPM', 'Tuesday: 9:00\u202fAM\u2009–\u20094:00\u202fPM', 'Wednesday: 9:00\u202fAM\u2009–\u20094:00\u202fPM', 'Thursday: 9:00\u202fAM\u2009–\u20094:00\u202fPM', 'Friday: 9:00\u202fAM\u2009–\u20094:00\u202fPM', 'Saturday: 9:00\u202fAM\u2009–\u20094:00\u202fPM', 'Sunday: Closed']",0.0,0.7313443879480219,0.2173717437103072,97.83783998564165,4,ChIJ268jxWVgLxMRIj61f4fIFqs
Must-See Sights,The Vatican Museums,0,41.9064878,12.4536413,"['Monday: 8:30\u202fAM\u2009–\u20096:30\u202fPM', 'Tuesday: 8:30\u202fAM\u2009–\u20096:30\u202fPM', 'Wednesday: 8:30\u202fAM\u2009–\u20096:30\u202fPM', 'Thursday: 8:30\u202fAM\u2009–\u20096:30\u202fPM', 'Friday: 8:30\u202fAM\u2009–\u200910:30\u202fPM', 'Saturday: 8:30\u202fAM\u2009–\u200910:30\u202fPM', 'Sunday: Closed']",0.0,0.7314061900568349,0.2173570445473469,399.8625125045781,4,ChIJKcGbg2NgLxMRthZkUqDs4M8
Must-See Sights,The Trevi Fountain,0,41.9009325,12.483313,"['Monday: Open 24 hours', 'Tuesday: Open 24 hours', 'Wednesday: Open 24 hours', 'Thursday: Open 24 hours', 'Friday: Open 24 hours', 'Saturday: Open 24 hours', 'Sunday: Open 24 hours']",0.0,0.731309231780899,0.2178749134070109,251.34828880166947,0,ChIJ1UCDJ1NgLxMRtrsCzOHxdvY
Must-See Sights,The Spanish Steps,0,41.90599,12.482775,[],0.0,0.7313975018078186,0.21786552353563518,104.1406495524631,0,ChIJda54FlRgLxMRD2muipfUwH8
Must-See Sights,Piazza Navona,0,41.8991633,12.4730742,"['Monday: Open 24 hours', 'Tuesday: Open 24 hours', 'Wednesday: Open 24 hours', 'Thursday: Open 24 hours', 'Friday: Open 24 hours', 'Saturday: Open 24 hours', 'Sunday: Open 24 hours']",0.0,0.7312783534157726,0.2176962126355577,140.68376940123727,2,ChIJPRydwYNgLxMRSjOCLlYkV6M
Must-See Sights,Campo de' Fiori,0,41.89540969999999,12.472202,[],0.0,0.7312128407369696,0.2176809898738218,136.1204540865173,2,ChIJCb6e9EVgLxMRp63sZ62Mk8k
Must-See Sights,Piazza del Popolo,0,41.9110159,12.47619,[],0.0,0.7314852203106945,0.21775059360439136,65.39048014279201,6,ChIJ0TL65fhgLxMRaipZ80mHe8g
Must-See Sights,Palatine Hill,0,41.88940360000001,12.4874662,[],0.0,0.7311080145167659,0.21794740042150473,383.5227313143103,5,ChIJ8zdPo7VhLxMRwgAXwZzzm50
Must-See Sights,Circus Maximus,0,41.88613340000001,12.4851335,[],0.0,0.7310509387595673,0.21790668712604344,380.8856104552458,5,ChIJxcVH3MphLxMRbNmoLfoNEWg
Must-See Sights,Piazza Venezia and the Vittoriano,0,41.8945976,12.4831269,"['Monday: 9:30\u202fAM\u2009–\u20097:30\u202fPM', 'Tuesday: 9:30\u202fAM\u2009–\u20097:30\u202fPM', 'Wednesday: 9:30\u202fAM\u2009–\u20097:30\u202fPM', 'Thursday: 9:30\u202fAM\u2009–\u20097:30\u202fPM', 'Friday: 9:30\u202fAM\u2009–\u20097:30\u202fPM', 'Saturday: 9:30\u202fAM\u2009–\u20097:30\u202fPM', 'Sunday: 9:30\u202fAM\u2009–\u20097:30\u202fPM']",0.0,0.7311986669181143,0.21787166534927294,189.94123461216267,5,ChIJ412AG01gLxMR4T-4pwdIFSE
Must-See Sights,Capitoline Hill and Museums,0,41.8929428,12.4825577,[],0.0,0.7311697852096524,0.21786173093517058,0.0,5,ChIJ8-wGeU9gLxMR--zJtnpGod4
Must-See Sights,Via del Corso (Shopping Street),0,41.90176599999999,12.48049,"['Monday: 10:00\u202fAM\u2009–\u20099:00\u202fPM', 'Tuesday: 10:00\u202fAM\u2009–\u20099:00\u202fPM', 'Wednesday: 10:00\u202fAM\u2009–\u20099:00\u202fPM', 'Thursday: 10:00\u202fAM\u2009–\u20099:00\u202fPM', 'Friday: 10:00\u202fAM\u2009–\u20099:00\u202fPM', 'Saturday: 10:00\u202fAM\u2009–\u20099:00\u202fPM', 'Sunday: 10:00\u202fAM\u2009–\u20099:00\u202fPM']",2.0,0.7313237791002141,0.2178256427622271,251.34828880166947,0,ChIJ429UulNgLxMR-ghEUP9fbcg
Must-See Sights,Testaccio neighborhood,0,41.8784219,12.4738871,[],0.0,0.7309163476942995,0.21771040041704717,272.8841920069366,1,ChIJQ__UrS9gLxMRDZ02pmiRj6E
Must-See Sights,The Mouth of Truth (Bocca della Verità),0,41.88829399999999,12.4815631,"['Monday: 9:30\u202fAM\u2009–\u20091:00\u202fPM, 2:00\u2009–\u20095:50\u202fPM', 'Tuesday: 9:30\u202fAM\u2009–\u20091:00\u202fPM, 2:00\u2009–\u20095:50\u202fPM', 'Wednesday: 9:30\u202fAM\u2009–\u20091:00\u202fPM, 2:00\u2009–\u20095:50\u202fPM', 'Thursday: 9:30\u202fAM\u2009–\u20091:00\u202fPM, 2:00\u2009–\u20095:50\u202fPM', 'Friday: 9:30\u202fAM\u2009–\u20091:00\u202fPM, 2:00\u2009–\u20095:50\u202fPM', 'Saturday: 9:30\u202fAM\u2009–\u20091:00\u202fPM, 2:00\u2009–\u20095:50\u202fPM', 'Sunday: 9:30\u202fAM\u2009–\u20091:00\u202fPM, 2:00\u2009–\u20095:50\u202fPM']",0.0,0.7310886483433854,0.21784437189043027,307.8007114823685,5,ChIJm1_ZezVgLxMR57Hw653cZoI
Must-See Sights,Pyramid of Cestius,0,41.876489,12.4808979,[],0.0,0.7308826122251877,0.21783276196024598,365.1269349471976,1,ChIJfeOXqi1gLxMR9pvLiJ8yKSc
Churches,Basilica of San Clemente al Laterano,1,41.8893347,12.4975757,"['Monday: 9:00\u202fAM\u2009–\u200912:00\u202fPM, 2:00\u2009–\u20095:30\u202fPM', 'Tuesday: 9:00\u202fAM\u2009–\u200912:00\u202fPM, 2:00\u2009–\u20095:30\u202fPM', 'Wednesday: 9:00\u202fAM\u2009–\u200912:00\u202fPM, 2:00\u2009–\u20095:30\u202fPM', 'Thursday: 9:00\u202fAM\u2009–\u200912:00\u202fPM, 2:00\u2009–\u20095:30\u202fPM', 'Friday: 9:00\u202fAM\u2009–\u200912:00\u202fPM, 2:00\u2009–\u20095:30\u202fPM', 'Saturday: 9:00\u202fAM\u2009–\u200912:00\u202fPM, 2:00\u2009–\u20095:30\u202fPM', 'Sunday: 12:00\u2009–\u20095:30\u202fPM']",0.0,0.7311068119849111,0.2181238444822351,194.32517566083095,3,ChIJ6V1-TbhhLxMRUbEhbeY44Zc
Churches,Santa Maria Maggiore,1,41.89759859999999,12.4984084,[],0.0,0.7312510442489665,0.21813837783891646,129.0570785566251,3,ChIJ1zB926RhLxMRejWMj_tUs_c
Churches,Santa Maria in Trastevere,1,41.8894657,12.4696635,"['Monday: 7:30\u202fAM\u2009–\u20098:30\u202fPM', 'Tuesday: 7:30\u202fAM\u2009–\u20098:30\u202fPM', 'Wednesday: 7:30\u202fAM\u2009–\u20098:30\u202fPM', 'Thursday: 7:30\u202fAM\u2009–\u20098:30\u202fPM', 'Friday: 7:30\u202fAM\u2009–\u20098:30\u202fPM', 'Saturday: 7:30\u202fAM\u2009–\u20098:00\u202fPM', 'Sunday: 7:30\u202fAM\u2009–\u20098:00\u202fPM']",0.0,0.7311090983662313,0.21763668469075992,124.11318950469294,2,ChIJs_RYejhgLxMRIkBM8PNSZzY
Churches,San Carlo alle Quattro Fontane,1,41.901732,12.490575,"['Monday: 10:00\u202fAM\u2009–\u20091:00\u202fPM', 'Tuesday: 10:00\u202fAM\u2009–\u20091:00\u202fPM', 'Wednesday: 10:00\u202fAM\u2009–\u20091:00\u202fPM', 'Thursday: 10:00\u202fAM\u2009–\u20091:00\u202fPM', 'Friday: 10:00\u202fAM\u2009–\u20091:00\u202fPM', 'Saturday: 10:00\u202fAM\u2009–\u20091:00\u202fPM', 'Sunday: Closed']",0.0,0.7313231856882687,0.21800165921729073,184.40409300630427,0,ChIJJdz7sK5hLxMRqBCQGj4L6u4
Churches,Santa Maria della Vittoria,1,41.9046449,12.4942942,"['Monday: 9:00\u202fAM\u2009–\u200912:00\u202fPM, 3:30\u2009–\u20096:00\u202fPM', 'Tuesday: 9:00\u202fAM\u2009–\u200912:00\u202fPM, 3:30\u2009–\u20096:00\u202fPM', 'Wednesday: 9:00\u202fAM\u2009–\u200912:00\u202fPM, 3:30\u2009–\u20096:00\u202fPM', 'Thursday: 9:00\u202fAM\u2009–\u200912:00\u202fPM, 3:30\u2009–\u20096:00\u202fPM', 'Friday: 9:00\u202fAM\u2009–\u200912:00\u202fPM, 3:30\u2009–\u20096:00\u202fPM', 'Saturday: 9:00\u202fAM\u2009–\u200912:00\u202fPM, 3:30\u2009–\u20096:00\u202fPM', 'Sunday: 3:30\u2009–\u20096:00\u202fPM']",0.0,0.7313740253840499,0.2180665715028309,309.42805236047235,3,ChIJVbqwYKhhLxMRSAkyf1K0z1k
Churches,Santa Prassede,1,41.89646219999999,12.4987254,"['Monday: 10:00\u202fAM\u2009–\u200912:00\u202fPM, 4:00\u2009–\u20096:00\u202fPM', 'Tuesday: 10:00\u202fAM\u2009–\u200912:00\u202fPM, 4:00\u2009–\u20096:00\u202fPM', 'Wednesday: 10:00\u202fAM\u2009–\u200912:00\u202fPM, 4:00\u2009–\u20096:00\u202fPM', 'Thursday: 10:00\u202fAM\u2009–\u200912:00\u202fPM, 4:00\u2009–\u20096:00\u202fPM', 'Friday: 10:00\u202fAM\u2009–\u200912:00\u202fPM, 4:00\u2009–\u20096:00\u202fPM', 'Saturday: 10:00\u202fAM\u2009–\u200912:00\u202fPM, 4:00\u2009–\u20096:00\u202fPM', 'Sunday: 10:00\u2009–\u200911:00\u202fAM, 4:00\u2009–\u20096:00\u202fPM']",0.0,0.7312312103273468,0.21814391053264526,129.0570785566251,3,ChIJqfIiLbthLxMRlfAZLBtfCl8
Churches,San Luigi dei Francesi,1,41.8996366,12.4748126,"['Monday: 9:30\u202fAM\u2009–\u200912:45\u202fPM, 2:30\u2009–\u20096:30\u202fPM', 'Tuesday: 9:30\u202fAM\u2009–\u200912:45\u202fPM, 2:30\u2009–\u20096:30\u202fPM', 'Wednesday: 9:30\u202fAM\u2009–\u200912:45\u202fPM, 2:30\u2009–\u20096:30\u202fPM', 'Thursday: 9:30\u202fAM\u2009–\u200912:45\u202fPM, 2:30\u2009–\u20096:30\u202fPM', 'Friday: 9:30\u202fAM\u2009–\u200912:45\u202fPM, 2:30\u2009–\u20096:30\u202fPM', 'Saturday: 9:30\u202fAM\u2009–\u200912:15\u202fPM, 2:30\u2009–\u20096:30\u202fPM', 'Sunday: 11:30\u202fAM\u2009–\u200912:45\u202fPM, 2:30\u2009–\u20096:30\u202fPM']",0.0,0.7312866140591223,0.21772655343927438,153.20104836282738,2,ChIJLQGCLlBgLxMRuYQp8kv6syI
Churches,Basilica di Santa Maria del Popolo,1,41.911491,12.4766557,[],0.0,0.7314935123699707,0.2177587216027179,65.39048014279201,6,ChIJn8_twvhgLxMRrSlE7RYxCbg
Churches,Basilica di San Pietro in Vincoli,1,41.8937522,12.492819,"['Monday: 8:00\u202fAM\u2009–\u200912:30\u202fPM, 3:00\u2009–\u20096:00\u202fPM', 'Tuesday: 8:00\u202fAM\u2009–\u200912:30\u202fPM, 3:00\u2009–\u20096:00\u202fPM', 'Wednesday: 8:00\u202fAM\u2009–\u200912:30\u202fPM, 3:00\u2009–\u20096:00\u202fPM', 'Thursday: 8:00\u202fAM\u2009–\u200912:30\u202fPM, 3:00\u2009–\u20096:00\u202fPM', 'Friday: 8:00\u202fAM\u2009–\u200912:30\u202fPM, 3:00\u2009–\u20096:00\u202fPM', 'Saturday: 8:00\u202fAM\u2009–\u200912:30\u202fPM, 3:00\u2009–\u20096:00\u202fPM', 'Sunday: 8:00\u202fAM\u2009–\u200912:30\u202fPM, 3:00\u2009–\u20096:00\u202fPM']",0.0,0.731183911904618,0.2180408244057055,396.8493708399021,3,ChIJ9TEpHrFhLxMRMNSr5HbcOzI
Churches,Chiesa del Gesù,1,41.8959012,12.4793513,"['Monday: 7:30\u202fAM\u2009–\u200912:30\u202fPM, 4:00\u2009–\u20097:30\u202fPM', 'Tuesday: 7:30\u202fAM\u2009–\u200912:30\u202fPM, 4:00\u2009–\u20097:30\u202fPM', 'Wednesday: 7:30\u202fAM\u2009–\u200912:30\u202fPM, 4:00\u2009–\u20097:30\u202fPM', 'Thursday: 7:30\u202fAM\u2009–\u200912:30\u202fPM, 4:00\u2009–\u20097:30\u202fPM', 'Friday: 7:30\u202fAM\u2009–\u200912:30\u202fPM, 4:00\u2009–\u20097:30\u202fPM', 'Saturday: 7:30\u202fAM\u2009–\u200912:30\u202fPM, 4:00\u2009–\u20097:30\u202fPM', 'Sunday: 7:45\u202fAM\u2009–\u20091:00\u202fPM, 4:00\u2009–\u20098:00\u202fPM']",0.0,0.7312214190302433,0.21780576869803464,256.86323073881914,5,ChIJK1-CN0xgLxMRZukH0_lPL70
Churches,Santa Maria sopra Minerva,1,41.8979888,12.4780226,"['Monday: 11:00\u202fAM\u2009–\u20091:00\u202fPM, 3:00\u2009–\u20097:00\u202fPM', 'Tuesday: 11:00\u202fAM\u2009–\u20091:00\u202fPM, 3:00\u2009–\u20097:00\u202fPM', 'Wednesday: 11:00\u202fAM\u2009–\u20091:00\u202fPM, 3:00\u2009–\u20097:00\u202fPM', 'Thursday: 11:00\u202fAM\u2009–\u20091:00\u202fPM, 3:00\u2009–\u20097:00\u202fPM', 'Friday: 11:00\u202fAM\u2009–\u20091:00\u202fPM, 3:00\u2009–\u20097:00\u202fPM', 'Saturday: 11:00\u202fAM\u2009–\u20091:00\u202fPM, 3:00\u2009–\u20097:00\u202fPM', 'Sunday: 11:00\u202fAM\u2009–\u20091:00\u202fPM, 3:00\u2009–\u20097:00\u202fPM']",0.0,0.731257854523708,0.21778257850826338,117.63589552158194,2,ChIJU-kfDE5gLxMR1LRHd9Rfx04
Churches,Sant'Ignazio di Loyola Church,1,41.8990933,12.4797097,"['Monday: 9:00\u202fAM\u2009–\u200911:30\u202fPM', 'Tuesday: 9:00\u202fAM\u2009–\u200911:30\u202fPM', 'Wednesday: 9:00\u202fAM\u2009–\u200911:30\u202fPM', 'Thursday: 9:00\u202fAM\u2009–\u200911:30\u202fPM', 'Friday: 9:00\u202fAM\u2009–\u200911:30\u202fPM', 'Saturday: 9:00\u202fAM\u2009–\u200911:30\u202fPM', 'Sunday: 9:00\u202fAM\u2009–\u200911:30\u202fPM']",0.0,0.7312771316852962,0.2178120239580738,185.95984803022515,0,ChIJzeDkbVJgLxMRf9wy9vdWbgw
Churches,Santa Maria della Pace,1,41.8998551,12.471651,"['Monday: 9:30\u202fAM\u2009–\u20096:00\u202fPM', 'Tuesday: 9:30\u202fAM\u2009–\u20096:00\u202fPM', 'Wednesday: 9:30\u202fAM\u2009–\u20096:00\u202fPM', 'Thursday: 9:30\u202fAM\u2009–\u20096:00\u202fPM', 'Friday: 9:30\u202fAM\u2009–\u20096:00\u202fPM', 'Saturday: 9:30\u202fAM\u2009–\u20096:00\u202fPM', 'Sunday: 9:30\u202fAM\u2009–\u20096:00\u202fPM']",0.0,0.731290427603538,0.21767137310964332,140.68376940123727,2,ChIJVwUlsVpgLxMRPaJOt8e6icE
Art Galleries,Palazzo Barberini,2,41.90329080000001,12.4898145,"['Monday: Closed', 'Tuesday: 10:00\u202fAM\u2009–\u20097:00\u202fPM', 'Wednesday: 10:00\u202fAM\u2009–\u20097:00\u202fPM', 'Thursday: 10:00\u202fAM\u2009–\u20097:00\u202fPM', 'Friday: 10:00\u202fAM\u2009–\u20097:00\u202fPM', 'Saturday: 10:00\u202fAM\u2009–\u20097:00\u202fPM', 'Sunday: 10:00\u202fAM\u2009–\u20097:00\u202fPM']",0.0,0.7313503918806489,0.21798838598832931,184.40409300630427,0,ChIJk7HQeqlhLxMRwIY3JsnfdjU
Art Galleries,Galleria Doria Pamphilj,2,41.89797819999999,12.4815742,"['Monday: 9:00\u202fAM\u2009–\u20097:00\u202fPM', 'Tuesday: 9:00\u202fAM\u2009–\u20097:00\u202fPM', 'Wednesday: 9:00\u202fAM\u2009–\u20097:00\u202fPM', 'Thursday: 9:00\u202fAM\u2009–\u20097:00\u202fPM', 'Friday: 10:00\u202fAM\u2009–\u20098:00\u202fPM', 'Saturday: 10:00\u202fAM\u2009–\u20098:00\u202fPM', 'Sunday: 10:00\u202fAM\u2009–\u20098:00\u202fPM']",0.0,0.7312576695188071,0.21784456562197724,197.9594128934495,0,ChIJF0obe01gLxMR0JJHtlD0kMY
Art Galleries,Palazzo Altemps,2,41.9010945,12.47315,"['Monday: Closed', 'Tuesday: 9:30\u202fAM\u2009–\u20097:00\u202fPM', 'Wednesday: 9:30\u202fAM\u2009–\u20097:00\u202fPM', 'Thursday: 9:30\u202fAM\u2009–\u20097:00\u202fPM', 'Friday: 9:30\u202fAM\u2009–\u20097:00\u202fPM', 'Saturday: 9:30\u202fAM\u2009–\u20097:00\u202fPM', 'Sunday: 9:30\u202fAM\u2009–\u20097:00\u202fPM']",0.0,0.7313120592142871,0.21769753559513072,185.43005721573596,2,ChIJPRgYblBgLxMRB--q_Tzt4wY
Art Galleries,Galleria Spada,2,41.89420339999999,12.4719221,"['Monday: 8:30\u202fAM\u2009–\u20097:30\u202fPM', 'Tuesday: Closed', 'Wednesday: 8:30\u202fAM\u2009–\u20097:30\u202fPM', 'Thursday: 8:30\u202fAM\u2009–\u20097:30\u202fPM', 'Friday: 8:30\u202fAM\u2009–\u20097:30\u202fPM', 'Saturday: 8:30\u202fAM\u2009–\u20097:30\u202fPM', 'Sunday: 8:30\u202fAM\u2009–\u20097:30\u202fPM']",0.0,0.7311917868302028,0.2176761046972455,136.1204540865173,2,ChIJ_-4QBEZgLxMRJTdhvXwscbM
Art Galleries,Capitoline Museums,2,41.8929428,12.4825577,[],0.0,0.7311697852096524,0.21786173093517058,0.0,5,ChIJ8-wGeU9gLxMR--zJtnpGod4
Art Galleries,Museo Nazionale Romano,2,41.9015836,12.4980228,"['Monday: Closed', 'Tuesday: 9:30\u202fAM\u2009–\u20097:00\u202fPM', 'Wednesday: 9:30\u202fAM\u2009–\u20097:00\u202fPM', 'Thursday: 9:30\u202fAM\u2009–\u20097:00\u202fPM', 'Friday: 9:30\u202fAM\u2009–\u20097:00\u202fPM', 'Saturday: 9:30\u202fAM\u2009–\u20097:00\u202fPM', 'Sunday: 9:30\u202fAM\u2009–\u20097:00\u202fPM']",0.0,0.7313205956196587,0.21813164784932074,0.0,3,ChIJ18PTgaZhLxMRvINaLw9AZ2w
Art Galleries,Villa Farnesina,2,41.89359939999999,12.4672868,"['Monday: 9:00\u202fAM\u2009–\u20092:00\u202fPM', 'Tuesday: 9:00\u202fAM\u2009–\u20092:00\u202fPM', 'Wednesday: 9:00\u202fAM\u2009–\u20092:00\u202fPM', 'Thursday: 9:00\u202fAM\u2009–\u20092:00\u202fPM', 'Friday: 9:00\u202fAM\u2009–\u20092:00\u202fPM', 'Saturday: 9:00\u202fAM\u2009–\u20092:00\u202fPM', 'Sunday: Closed']",0.0,0.7311812450415208,0.2175952034504278,376.1875758180323,2,ChIJmUUGzkZgLxMR-T6gV-Qsy4o
Art Galleries,Museo di Roma,2,41.897551,12.4727241,"['Monday: Closed', 'Tuesday: 10:00\u202fAM\u2009–\u20097:00\u202fPM', 'Wednesday: 10:00\u202fAM\u2009–\u20097:00\u202fPM', 'Thursday: 10:00\u202fAM\u2009–\u20097:00\u202fPM', 'Friday: 10:00\u202fAM\u2009–\u20097:00\u202fPM', 'Saturday: 10:00\u202fAM\u2009–\u20097:00\u202fPM', 'Sunday: 10:00\u202fAM\u2009–\u20097:00\u202fPM']",0.0,0.7312502134722427,0.2176901022378465,181.6061512426216,2,ChIJbedagU9gLxMRdw-SiQm53EM
Art Galleries,Centrale Montemartini,2,41.866817,12.4780576,"['Monday: Closed', 'Tuesday: 9:00\u202fAM\u2009–\u20097:00\u202fPM', 'Wednesday: 9:00\u202fAM\u2009–\u20097:00\u202fPM', 'Thursday: 9:00\u202fAM\u2009–\u20097:00\u202fPM', 'Friday: 9:00\u202fAM\u2009–\u20097:00\u202fPM', 'Saturday: 9:00\u202fAM\u2009–\u20097:00\u202fPM', 'Sunday: 9:00\u202fAM\u2009–\u20097:00\u202fPM']",0.0,0.7307138039799348,0.21778318937350158,0.0,1,ChIJpcPlnIGKJRMReN1sXvlbJ2Q
Art Galleries,Scuderie del Quirinale,2,41.8986595,12.4861163,"['Monday: 10:00\u202fAM\u2009–\u20098:00\u202fPM', 'Tuesday: 10:00\u202fAM\u2009–\u20098:00\u202fPM', 'Wednesday: 10:00\u202fAM\u2009–\u20098:00\u202fPM', 'Thursday: 10:00\u202fAM\u2009–\u20098:00\u202fPM', 'Friday: 10:00\u202fAM\u2009–\u20098:00\u202fPM', 'Saturday: 10:00\u202fAM\u2009–\u20098:00\u202fPM', 'Sunday: 10:00\u202fAM\u2009–\u20098:00\u202fPM']",0.0,0.7312695604470011,0.21792384022193206,343.0892070082135,0,ChIJqVSndq1hLxMR41tL3BYx9jM
Art Galleries,Museo dell'Ara Pacis,2,41.90583779999999,12.4754083,"['Monday: 9:30\u202fAM\u2009–\u20097:30\u202fPM', 'Tuesday: 9:30\u202fAM\u2009–\u20097:30\u202fPM', 'Wednesday: 9:30\u202fAM\u2009–\u20097:30\u202fPM', 'Thursday: 9:30\u202fAM\u2009–\u20097:30\u202fPM', 'Friday: 9:30\u202fAM\u2009–\u20097:30\u202fPM', 'Saturday: 9:30\u202fAM\u2009–\u20097:30\u202fPM', 'Sunday: 9:30\u202fAM\u2009–\u20097:30\u202fPM']",0.0,0.7313948454166969,0.2177369503656285,326.13854710790827,6,ChIJgciXqkRgLxMRT8Pu1MtrIxE
Art Galleries,Palazzo Massimo alle Terme,2,41.9015836,12.4980228,"['Monday: Closed', 'Tuesday: 9:30\u202fAM\u2009–\u20097:00\u202fPM', 'Wednesday: 9:30\u202fAM\u2009–\u20097:00\u202fPM', 'Thursday: 9:30\u202fAM\u2009–\u20097:00\u202fPM', 'Friday: 9:30\u202fAM\u2009–\u20097:00\u202fPM', 'Saturday: 9:30\u202fAM\u2009–\u20097:00\u202fPM', 'Sunday: 9:30\u202fAM\u2009–\u20097:00\u202fPM']",0.0,0.7313205956196587,0.21813164784932074,0.0,3,ChIJ18PTgaZhLxMRvINaLw9AZ2w
Art Galleries,Centrale Montemartini,2,41.866817,12.4780576,"['Monday: Closed', 'Tuesday: 9:00\u202fAM\u2009–\u20097:00\u202fPM', 'Wednesday: 9:00\u202fAM\u2009–\u20097:00\u202fPM', 'Thursday: 9:00\u202fAM\u2009–\u20097:00\u202fPM', 'Friday: 9:00\u202fAM\u2009–\u20097:00\u202fPM', 'Saturday: 9:00\u202fAM\u2009–\u20097:00\u202fPM', 'Sunday: 9:00\u202fAM\u2009–\u20097:00\u202fPM']",0.0,0.7307138039799348,0.21778318937350158,0.0,1,ChIJpcPlnIGKJRMReN1sXvlbJ2Q
Bib Gourmand Restaurants,Flavio al Velavevodetto,3,41.8765558,12.4760277,"['Monday: 12:30\u2009–\u20093:00\u202fPM, 7:30\u2009–\u200911:00\u202fPM', 'Tuesday: 12:30\u2009–\u20093:00\u202fPM, 7:30\u2009–\u200911:00\u202fPM', 'Wednesday: 12:30\u2009–\u20093:00\u202fPM, 7:30\u2009–\u200911:00\u202fPM', 'Thursday: 12:30\u2009–\u20093:00\u202fPM, 7:30\u2009–\u200911:00\u202fPM', 'Friday: 12:30\u2009–\u20093:00\u202fPM, 7:30\u2009–\u200911:00\u202fPM', 'Saturday: 12:30\u2009–\u20093:00\u202fPM, 7:30\u2009–\u200911:00\u202fPM', 'Sunday: 12:30\u2009–\u20093:00\u202fPM, 7:30\u2009–\u200911:00\u202fPM']",2.0,0.730883778105128,0.21774776093501536,251.66365884779728,1,ChIJIdoK9y5gLxMR3ocPcmakVLA
Bib Gourmand Restaurants,Trattoria Pennestri,3,41.8733288,12.4797,"['Monday: Closed', 'Tuesday: 7:00\u2009–\u200911:00\u202fPM', 'Wednesday: 7:00\u2009–\u200911:00\u202fPM', 'Thursday: 7:00\u2009–\u200911:00\u202fPM', 'Friday: 12:00\u2009–\u20093:00\u202fPM, 7:00\u2009–\u200911:00\u202fPM', 'Saturday: 12:00\u2009–\u20093:00\u202fPM, 7:00\u2009–\u200911:00\u202fPM', 'Sunday: 12:00\u2009–\u20093:00\u202fPM, 7:00\u2009–\u200911:00\u202fPM']",2.0,0.7308274563301662,0.21781185466113634,365.1269349471976,1,ChIJUyZGkitgLxMR94FH5oz5cOE
Bib Gourmand Restaurants,La Gensola,3,41.88941399999999,12.4763839,"['Monday: 12:30\u2009–\u20093:00\u202fPM, 7:30\u2009–\u200911:30\u202fPM', 'Tuesday: 12:30\u2009–\u20093:00\u202fPM, 7:30\u2009–\u200911:30\u202fPM', 'Wednesday: 12:30\u2009–\u20093:00\u202fPM, 7:30\u2009–\u200911:30\u202fPM', 'Thursday: 12:30\u2009–\u20093:00\u202fPM, 7:30\u2009–\u200911:30\u202fPM', 'Friday: 12:30\u2009–\u20093:00\u202fPM, 7:30\u2009–\u200911:30\u202fPM', 'Saturday: 12:30\u2009–\u20093:00\u202fPM, 7:30\u2009–\u200911:30\u202fPM', 'Sunday: 12:30\u2009–\u20093:00\u202fPM, 7:30\u2009–\u200911:30\u202fPM']",2.0,0.7311081960310077,0.21775397779781097,191.53446234999416,5,ChIJ9wnJ3klgLxMRbONSb3YILhU
Bib Gourmand Restaurants,Osteria delle Coppelle,3,41.9009482,12.4760649,"['Monday: 12:30\u2009–\u20093:30\u202fPM, 6:30\u202fPM\u2009–\u20092:00\u202fAM', 'Tuesday: 12:30\u2009–\u20093:30\u202fPM, 6:30\u202fPM\u2009–\u20092:00\u202fAM', 'Wednesday: 12:30\u2009–\u20093:30\u202fPM, 6:30\u202fPM\u2009–\u20092:00\u202fAM', 'Thursday: 12:30\u2009–\u20093:30\u202fPM, 6:30\u202fPM\u2009–\u20092:00\u202fAM', 'Friday: 12:30\u2009–\u20093:30\u202fPM, 6:30\u202fPM\u2009–\u20092:00\u202fAM', 'Saturday: 12:30\u2009–\u20093:30\u202fPM, 6:30\u202fPM\u2009–\u20092:00\u202fAM', 'Sunday: 12:30\u2009–\u20093:30\u202fPM, 6:30\u202fPM\u2009–\u20092:00\u202fAM']",2.0,0.7313095057975916,0.2177484101974971,129.93628259102056,2,ChIJKbN8pVFgLxMRBpHaV1xpI_o
Bib Gourmand Restaurants,Retrobottega,3,41.9019254,12.475204,"['Monday: Closed', 'Tuesday: 8:30\u202fAM\u2009–\u200912:00\u202fAM', 'Wednesday: 8:30\u202fAM\u2009–\u200912:00\u202fAM', 'Thursday: 8:30\u202fAM\u2009–\u200912:00\u202fAM', 'Friday: 8:30\u202fAM\u2009–\u200912:00\u202fAM', 'Saturday: 8:30\u202fAM\u2009–\u200912:00\u202fAM', 'Sunday: 8:00\u202fAM\u2009–\u200912:00\u202fAM']",2.0,0.731326561155042,0.21773338465796668,129.93628259102056,2,ChIJVYm1AVFgLxMRgMGqr8Hf9Gw
Bib Gourmand Restaurants,Da Enzo al 29,3,41.8880847,12.4778554,"['Monday: 12:15\u2009–\u20093:00\u202fPM, 7:00\u2009–\u200911:00\u202fPM', 'Tuesday: 12:15\u2009–\u20093:00\u202fPM, 7:00\u2009–\u200911:00\u202fPM', 'Wednesday: 12:15\u2009–\u20093:00\u202fPM, 7:00\u2009–\u200911:00\u202fPM', 'Thursday: 12:15\u2009–\u20093:00\u202fPM, 7:00\u2009–\u200911:00\u202fPM', 'Friday: 12:15\u2009–\u20093:00\u202fPM, 7:00\u2009–\u200911:00\u202fPM', 'Saturday: 12:15\u2009–\u20093:00\u202fPM, 7:00\u2009–\u200911:00\u202fPM', 'Sunday: Closed']",2.0,0.7310849953692612,0.21777966031775403,191.53446234999416,5,ChIJfy613ThgLxMR-Kr1iDROgrU
Bib Gourmand Restaurants,Tempio di Iside,3,41.8893993,12.5010613,"['Monday: 12:30\u2009–\u20092:30\u202fPM, 7:30\u2009–\u200910:30\u202fPM', 'Tuesday: 12:30\u2009–\u20092:30\u202fPM, 7:30\u2009–\u200910:30\u202fPM', 'Wednesday: 12:30\u2009–\u20092:30\u202fPM, 7:30\u2009–\u200910:30\u202fPM', 'Thursday: 12:30\u2009–\u20092:30\u202fPM, 7:30\u2009–\u200910:30\u202fPM', 'Friday: 12:30\u2009–\u20092:30\u202fPM, 7:30\u2009–\u200910:30\u202fPM', 'Saturday: 12:30\u2009–\u20092:30\u202fPM, 7:30\u2009–\u200910:30\u202fPM', 'Sunday: Closed']",4.0,0.7311079394676079,0.2181846796786426,288.6184732312617,3,ChIJ_W4e075hLxMRR5AVDKisFVE
Bib Gourmand Restaurants,Felice a Testaccio,3,41.8785544,12.4774541,"['Monday: 12:30\u2009–\u20093:30\u202fPM, 7:00\u2009–\u200911:30\u202fPM', 'Tuesday: 12:30\u2009–\u20093:30\u202fPM, 7:00\u2009–\u200911:30\u202fPM', 'Wednesday: 12:30\u2009–\u20093:30\u202fPM, 7:00\u2009–\u200911:30\u202fPM', 'Thursday: 12:30\u2009–\u20093:30\u202fPM, 7:00\u2009–\u200911:30\u202fPM', 'Friday: 12:30\u2009–\u20093:30\u202fPM, 7:00\u2009–\u200911:30\u202fPM', 'Saturday: 12:30\u2009–\u20093:30\u202fPM, 7:00\u2009–\u200911:30\u202fPM', 'Sunday: 12:30\u2009–\u20093:30\u202fPM, 7:00\u2009–\u200911:30\u202fPM']",2.0,0.7309186602555584,0.21777265631146578,251.66365884779728,1,ChIJ1_AwEC5gLxMRLFf8-EiTRm0
Bib Gourmand Restaurants,Roscioli,3,41.894256,12.4742417,"['Monday: 9:00\u202fAM\u2009–\u200912:00\u202fAM', 'Tuesday: 9:00\u202fAM\u2009–\u200912:00\u202fAM', 'Wednesday: 9:00\u202fAM\u2009–\u200912:00\u202fAM', 'Thursday: 9:00\u202fAM\u2009–\u200912:00\u202fAM', 'Friday: 9:00\u202fAM\u2009–\u200912:00\u202fAM', 'Saturday: 9:00\u202fAM\u2009–\u200912:00\u202fAM', 'Sunday: 9:00\u202fAM\u2009–\u200912:00\u202fAM']",3.0,0.7311927048733895,0.21771658935457475,102.25119556020398,2,ChIJ4T6-zEhgLxMRSa1VL3N0DyY
Bib Gourmand Restaurants,Pizzeria Emma,3,41.8948002,12.4752375,"['Monday: 12:30\u2009–\u20093:30\u202fPM, 6:30\u2009–\u200911:30\u202fPM', 'Tuesday: 12:30\u2009–\u20093:30\u202fPM, 6:30\u2009–\u200911:30\u202fPM', 'Wednesday: 12:30\u2009–\u20093:30\u202fPM, 6:30\u2009–\u200911:30\u202fPM', 'Thursday: 12:30\u2009–\u20093:30\u202fPM, 6:30\u2009–\u200911:30\u202fPM', 'Friday: 12:30\u2009–\u20093:30\u202fPM, 6:30\u2009–\u200911:30\u202fPM', 'Saturday: 12:30\u2009–\u20093:30\u202fPM, 6:30\u2009–\u200911:30\u202fPM', 'Sunday: 12:30\u2009–\u20093:30\u202fPM, 6:30\u2009–\u200911:30\u202fPM']",2.0,0.7312022029551789,0.2177339693432661,102.25119556020398,2,ChIJidqXKE9gLxMRoPu1i7w_aOs
Michelin-Starred Restaurants,Il Pagliaccio,4,41.897889,12.4674252,"['Monday: Closed', 'Tuesday: 7:30\u2009–\u200910:00\u202fPM', 'Wednesday: 7:30\u2009–\u200910:00\u202fPM', 'Thursday: 7:30\u2009–\u200910:00\u202fPM', 'Friday: 7:30\u2009–\u200910:00\u202fPM', 'Saturday: 12:30\u2009–\u20092:00\u202fPM, 7:30\u2009–\u200910:00\u202fPM', 'Sunday: Closed']",4.0,0.7312561126851145,0.21759761898611252,63.30303239515958,2,ChIJxXT3hURgLxMRuzmYPjBhY8k
Michelin-Starred Restaurants,Pipero Roma,4,41.8978081,12.4686912,"['Monday: 7:00\u2009–\u200911:00\u202fPM', 'Tuesday: 12:00\u2009–\u20093:00\u202fPM, 7:00\u2009–\u200911:00\u202fPM', 'Wednesday: 12:00\u2009–\u20093:00\u202fPM, 7:00\u2009–\u200911:00\u202fPM', 'Thursday: 12:00\u2009–\u20093:00\u202fPM, 7:00\u2009–\u200911:00\u202fPM', 'Friday: 12:00\u2009–\u20093:00\u202fPM, 7:00\u2009–\u200911:00\u202fPM', 'Saturday: 7:00\u2009–\u200911:00\u202fPM', 'Sunday: Closed']",4.0,0.7312547007137497,0.2176197148544428,105.16776828195644,2,ChIJ__9P5kRgLxMR8DBAF5WMSiI
Michelin-Starred Restaurants,Aroma at Palazzo Manfredi,4,41.8901781,12.4955196,"['Monday: 7:00\u2009–\u200911:00\u202fPM', 'Tuesday: 7:00\u2009–\u200911:00\u202fPM', 'Wednesday: 12:30\u2009–\u20093:00\u202fPM, 7:00\u2009–\u200911:00\u202fPM', 'Thursday: 12:30\u2009–\u20093:00\u202fPM, 7:00\u2009–\u200911:00\u202fPM', 'Friday: 12:30\u2009–\u20093:00\u202fPM, 7:00\u2009–\u200911:00\u202fPM', 'Saturday: 12:30\u2009–\u20093:00\u202fPM, 7:00\u2009–\u200911:00\u202fPM', 'Sunday: 12:30\u2009–\u20093:00\u202fPM, 7:00\u2009–\u200911:00\u202fPM']",4.0,0.7311215320918224,0.21808795876748482,194.32517566083095,3,ChIJ_RzlBblhLxMR11BvqYi8aoQ
Michelin-Starred Restaurants,Imàgo at the Hassler,4,41.905973,12.4840332,"['Monday: Closed', 'Tuesday: 7:30\u2009–\u200910:30\u202fPM', 'Wednesday: 7:30\u2009–\u200910:30\u202fPM', 'Thursday: 7:30\u2009–\u200910:30\u202fPM', 'Friday: 7:30\u2009–\u200910:30\u202fPM', 'Saturday: 7:30\u2009–\u200910:30\u202fPM', 'Sunday: Closed']",4.0,0.7313972051018458,0.21788748326828378,104.1406495524631,0,ChIJW6tyLVVgLxMRULTMKJiciGU
Michelin-Starred Restaurants,Glass Hostaria,4,41.8905173,12.4691609,"['Monday: Closed', 'Tuesday: Closed', 'Wednesday: 7:00\u2009–\u200910:30\u202fPM', 'Thursday: 7:00\u2009–\u200910:30\u202fPM', 'Friday: 7:00\u2009–\u200910:30\u202fPM', 'Saturday: 12:30\u2009–\u20093:00\u202fPM, 7:00\u2009–\u200910:30\u202fPM', 'Sunday: 12:30\u2009–\u20093:00\u202fPM, 7:00\u2009–\u200910:30\u202fPM']",4.0,0.7311274522486452,0.21762791266593942,124.11318950469294,2,ChIJ5UjGdkdgLxMRzT7K8LNlcXU
Michelin-Starred Restaurants,All'Oro,4,41.9139005,12.4728606,"['Monday: 6:00\u2009–\u200911:00\u202fPM', 'Tuesday: 6:00\u2009–\u200911:00\u202fPM', 'Wednesday: 6:00\u2009–\u200911:00\u202fPM', 'Thursday: 6:00\u2009–\u200911:00\u202fPM', 'Friday: 6:00\u2009–\u200911:00\u202fPM', 'Saturday: 6:00\u2009–\u200911:00\u202fPM', 'Sunday: 6:00\u2009–\u200911:00\u202fPM']",4.0,0.7315355660782975,0.21769248461227544,0.0,6,ChIJ78OrZyJhLxMRjI91m6yLGS0
Michelin-Starred Restaurants,Acquolina,4,41.9087683,12.4755721,"['Monday: Closed', 'Tuesday: 7:00\u2009–\u20099:00\u202fPM', 'Wednesday: 7:00\u2009–\u20099:00\u202fPM', 'Thursday: 7:00\u2009–\u20099:00\u202fPM', 'Friday: 7:00\u2009–\u20099:00\u202fPM', 'Saturday: 7:00\u2009–\u20099:00\u202fPM', 'Sunday: Closed']",4.0,0.7314459922904266,0.2177398092149433,255.09864816540792,6,ChIJg_5F7dFgLxMRVhs1OD0oNFE
Michelin-Starred Restaurants,Moma,4,41.9056467,12.4908059,"['Monday: 12:30\u2009–\u20093:00\u202fPM, 7:30\u2009–\u200911:00\u202fPM', 'Tuesday: 12:30\u2009–\u20093:00\u202fPM, 7:30\u2009–\u200911:00\u202fPM', 'Wednesday: 12:30\u2009–\u20093:00\u202fPM, 7:30\u2009–\u200911:00\u202fPM', 'Thursday: 12:30\u2009–\u20093:00\u202fPM, 7:30\u2009–\u200911:00\u202fPM', 'Friday: 12:30\u2009–\u20093:00\u202fPM, 7:30\u2009–\u200911:00\u202fPM', 'Saturday: 7:30\u2009–\u200911:00\u202fPM', 'Sunday: Closed']",3.0,0.7313915100924964,0.21800568918253357,274.5118872206452,0,ChIJCT-Ek6lhLxMR51yCUkjKb-w
Michelin-Starred Restaurants,Per Me Giulio Terrinoni,4,41.897325,12.4675293,"['Monday: 12:30\u2009–\u20092:00\u202fPM, 7:00\u2009–\u200910:00\u202fPM', 'Tuesday: 12:30\u2009–\u20092:00\u202fPM, 7:00\u2009–\u200910:00\u202fPM', 'Wednesday: 12:30\u2009–\u20092:00\u202fPM, 7:00\u2009–\u200910:00\u202fPM', 'Thursday: 12:30\u2009–\u20092:00\u202fPM, 7:00\u2009–\u200910:00\u202fPM', 'Friday: 12:30\u2009–\u20092:00\u202fPM, 7:00\u2009–\u200910:00\u202fPM', 'Saturday: 12:30\u2009–\u20092:00\u202fPM, 7:00\u2009–\u200910:00\u202fPM', 'Sunday: 12:30\u2009–\u20092:00\u202fPM, 7:00\u2009–\u200910:00\u202fPM']",4.0,0.7312462690281333,0.21759943587386388,63.30303239515958,2,ChIJWYdrYkRgLxMR_lor-OXSdNs
Michelin-Starred Restaurants,Marzapane,4,41.9140765,12.475073,"['Monday: 12:30\u2009–\u20092:00\u202fPM, 7:00\u2009–\u20099:30\u202fPM', 'Tuesday: Closed', 'Wednesday: Closed', 'Thursday: 7:00\u2009–\u20099:30\u202fPM', 'Friday: 12:30\u2009–\u20092:00\u202fPM, 7:00\u2009–\u20099:30\u202fPM', 'Saturday: 12:30\u2009–\u20092:00\u202fPM, 7:00\u2009–\u20099:30\u202fPM', 'Sunday: 12:30\u2009–\u20092:00\u202fPM, 7:00\u2009–\u20099:30\u202fPM']",3.0,0.7315386378577811,0.21773109827664658,184.1093114634725,6,ChIJcYym3A5hLxMR7DnOVDuwWQc
Michelin-Starred Restaurants,Ristorante Oliver Glowig,4,41.9139005,12.4728606,"['Monday: 6:00\u2009–\u200911:00\u202fPM', 'Tuesday: 6:00\u2009–\u200911:00\u202fPM', 'Wednesday: 6:00\u2009–\u200911:00\u202fPM', 'Thursday: 6:00\u2009–\u200911:00\u202fPM', 'Friday: 6:00\u2009–\u200911:00\u202fPM', 'Saturday: 6:00\u2009–\u200911:00\u202fPM', 'Sunday: 6:00\u2009–\u200911:00\u202fPM']",4.0,0.7315355660782975,0.21769248461227544,0.0,6,ChIJ78OrZyJhLxMRjI91m6yLGS0
